{
  "timestamp": "2026-05-07T12:57:47.626592",
  "sharpe": 1.3779411764705882,
  "return": 87.51176470588236,
  "maxdd": -13.21176470588235,
  "positive": 12,
  "n_stocks": 17,
  "stocks": {
    "AAPL": {
      "s": 1.092,
      "r": 42.8,
      "d": -11.2,
      "mkt": "US"
    },
    "NVDA": {
      "s": 3.511,
      "r": 286.9,
      "d": -8.5,
      "mkt": "US"
    },
    "MSFT": {
      "s": 2.73,
      "r": 76.8,
      "d": -6.9,
      "mkt": "US"
    },
    "GOOGL": {
      "s": 2.391,
      "r": 78.4,
      "d": -7.8,
      "mkt": "US"
    },
    "AMZN": {
      "s": -0.755,
      "r": -22.3,
      "d": -16.3,
      "mkt": "US"
    },
    "META": {
      "s": 0.414,
      "r": 19.9,
      "d": -12.4,
      "mkt": "US"
    },
    "JPM": {
      "s": 4.593,
      "r": 126.2,
      "d": -4.1,
      "mkt": "US"
    },
    "0700.HK": {
      "s": 1.262,
      "r": 67.2,
      "d": -12.8,
      "mkt": "HK"
    },
    "9988.HK": {
      "s": 2.319,
      "r": 311.0,
      "d": -14.5,
      "mkt": "HK"
    },
    "3690.HK": {
      "s": 2.071,
      "r": 298.3,
      "d": -15.5,
      "mkt": "HK"
    },
    "1810.HK": {
      "s": 1.967,
      "r": 102.2,
      "d": -7.4,
      "mkt": "HK"
    },
    "1211.HK": {
      "s": -0.099,
      "r": -4.6,
      "d": -26.0,
      "mkt": "HK"
    },
    "0388.HK": {
      "s": -0.589,
      "r": -19.8,
      "d": -22.2,
      "mkt": "HK"
    },
    "600519.SS": {
      "s": -0.154,
      "r": -4.8,
      "d": -15.6,
      "mkt": "A"
    },
    "000858.SZ": {
      "s": -0.821,
      "r": -18.5,
      "d": -14.7,
      "mkt": "A"
    },
    "300750.SZ": {
      "s": 2.333,
      "r": 109.9,
      "d": -8.5,
      "mkt": "A"
    },
    "002594.SZ": {
      "s": -0.255,
      "r": -6.9,
      "d": -14.5,
      "mkt": "A"
    },
    "600276.SS": {
      "s": 1.111,
      "r": 42.8,
      "d": -11.2,
      "mkt": "A"
    },
    "601899.SS": {
      "s": -0.772,
      "r": -23.2,
      "d": -23.7,
      "mkt": "A"
    }
  }
}